{
  "roc_auc": 0.6000000000000001,
  "pr_auc": 0.5294444444444444,
  "accuracy": 0.5,
  "balanced_accuracy": 0.5,
  "tpr_at_fpr_1pct": 0.0,
  "tpr_at_fpr_5pct": 0.0,
  "tpr_at_fpr_10pct": 0.0,
  "threshold": 8.855431671978467,
  "roc_auc_ci95": [
    0.18988095238095237,
    1.0
  ],
  "pr_auc_ci95": [
    0.23673611111111112,
    1.0
  ]
}