{
  "roc_auc": 1.0,
  "pr_auc": 1.0,
  "accuracy": 1.0,
  "balanced_accuracy": 1.0,
  "tpr_at_fpr_1pct": 1.0,
  "tpr_at_fpr_5pct": 1.0,
  "tpr_at_fpr_10pct": 1.0,
  "threshold": 3.0486130714416504,
  "roc_auc_ci95": [
    0.9999999999999999,
    1.0
  ],
  "pr_auc_ci95": [
    1.0,
    1.0
  ]
}