{
  "roc_auc": 1.0,
  "pr_auc": 1.0,
  "accuracy": 0.7,
  "balanced_accuracy": 0.7,
  "tpr_at_fpr_1pct": 1.0,
  "tpr_at_fpr_5pct": 1.0,
  "tpr_at_fpr_10pct": 1.0,
  "threshold": 10.369771690215806,
  "roc_auc_ci95": [
    0.9999999999999999,
    1.0
  ],
  "pr_auc_ci95": [
    1.0,
    1.0
  ]
}